Email Address,FirstName LastName
Lily_Noon2828@gembat.biz,Lily Noon
Mara_Murray1314@guentu.biz,Mara Murray
Ramon_Phillips8442@eirey.tech,Ramon Phillips
Danny_Collingwood360@joiniaa.com,Danny Collingwood
Jayden_Kerr4769@jiman.org,Jayden Kerr
Vivian_Gordon8481@bungar.biz,Vivian Gordon
Oliver_Leslie9016@deons.tech,Oliver Leslie
Barney_Parker8248@tonsy.org,Barney Parker
Chelsea_Nanton2092@infotech44.tech,Chelsea Nanton
Sofia_Villiger6183@twace.org,Sofia Villiger
Eduardo_Harris2411@muall.tech,Eduardo Harris
Vicky_Truscott33@kideod.biz,Vicky Truscott
Elly_Payne1994@nanoff.biz,Elly Payne
Eileen_Healy7502@twipet.com,Eileen Healy
Ellen_Tyrrell8440@gmail.com,Ellen Tyrrell
Kieth_Adler5138@fuliss.net,Kieth Adler
Sebastian_Thomas7137@bretoux.com,Sebastian Thomas
Cameron_Stone2523@bungar.biz,Cameron Stone
Helen_Eddison3828@jiman.org,Helen Eddison
Bethany_Coleman480@nickia.com,Bethany Coleman
Tom_Lee3245@gembat.biz,Tom Lee
Payton_Silva8702@bulaffy.com,Payton Silva
Sonya_Griffiths9966@joiniaa.com,Sonya Griffiths
Tom_Baxter8942@gmail.com,Tom Baxter
Hadley_Leigh8274@liret.org,Hadley Leigh
Leroy_Williams5665@atink.com,Leroy Williams
Emmanuelle_Irving8449@deavo.com,Emmanuelle Irving
Teagan_James4957@muall.tech,Teagan James
Isabel_Grey3470@bauros.biz,Isabel Grey
Mark_Parker9821@vetan.org,Mark Parker
Percy_Martin6807@infotech44.tech,Percy Martin
Luke_Moore860@liret.org,Luke Moore
Melinda_Higgs7110@dionrab.com,Melinda Higgs
Rick_Clark2931@bretoux.com,Rick Clark
Jasmine_Redfern2393@mafthy.com,Jasmine Redfern
Stacy_Logan846@joiniaa.com,Stacy Logan
Caleb_Lloyd9555@guentu.biz,Caleb Lloyd
Carina_Wooldridge8674@mafthy.com,Carina Wooldridge
Eve_Stuart2586@eirey.tech,Eve Stuart
Denis_Gilbert2726@irrepsy.com,Denis Gilbert
Aiden_Carter6763@grannar.com,Aiden Carter
Alex_Ward888@brety.org,Alex Ward
Peyton_Thompson6705@grannar.com,Peyton Thompson
Adalie_Lakey8202@gmail.com,Adalie Lakey
Cadence_Wooldridge6965@iatim.tech,Cadence Wooldridge
Emma_Gates9822@bretoux.com,Emma Gates
Barney_Jefferson6217@gembat.biz,Barney Jefferson
Gloria_Kerr4018@fuliss.net,Gloria Kerr
Matthew_Dempsey1411@naiker.biz,Matthew Dempsey
Henry_Wise7098@supunk.biz,Henry Wise
Rihanna_Gray9091@guentu.biz,Rihanna Gray
Eden_Selby501@twipet.com,Eden Selby
Samara_Williams7807@ubusive.com,Samara Williams
Jaylene_Gilmour4588@acrit.org,Jaylene Gilmour
Henry_Victor8072@irrepsy.com,Henry Victor
Paula_Irwin9161@nanoff.biz,Paula Irwin
Carl_Hill5998@infotech44.tech,Carl Hill
Julian_Owen7369@nimogy.biz,Julian Owen
Sarah_Mitchell1067@famism.biz,Sarah Mitchell
Abdul_Hewitt8210@dionrab.com,Abdul Hewitt
Maggie_Yoman3552@mafthy.com,Maggie Yoman
Doug_Styles4343@famism.biz,Doug Styles
Stephanie_Calderwood8729@sveldo.biz,Stephanie Calderwood
Russel_Lindop8118@sveldo.biz,Russel Lindop
Mara_Rycroft7625@brety.org,Mara Rycroft
Zara_Ross7485@gmail.com,Zara Ross
Mike_Exton8537@famism.biz,Mike Exton
Hayden_Mackenzie30@deavo.com,Hayden Mackenzie
Marilyn_Andrews6861@yahoo.com,Marilyn Andrews
Kassandra_Morgan9978@liret.org,Kassandra Morgan
Jasmine_Reynolds7031@dionrab.com,Jasmine Reynolds
Trisha_Robinson6305@nanoff.biz,Trisha Robinson
Alexander_Tindall646@extex.org,Alexander Tindall
Erick_Exton8268@guentu.biz,Erick Exton
Ruby_Gray1066@guentu.biz,Ruby Gray
Angelina_Button7364@zorer.org,Angelina Button
Daron_Owens5166@deavo.com,Daron Owens
Jacqueline_Wilson7844@liret.org,Jacqueline Wilson
Jocelyn_Keys8413@nimogy.biz,Jocelyn Keys
Nate_Flanders7011@twace.org,Nate Flanders
George_Carter1080@tonsy.org,George Carter
Payton_Rainford8214@liret.org,Payton Rainford
Daniel_Coll7616@eirey.tech,Daniel Coll
Tess_Rothwell3455@bretoux.com,Tess Rothwell
Luna_Butler5965@jiman.org,Luna Butler
Tony_Leigh4089@irrepsy.com,Tony Leigh
Maia_Jobson5970@typill.biz,Maia Jobson
Hank_Shelton3213@grannar.com,Hank Shelton
Tania_Clarkson5487@nanoff.biz,Tania Clarkson
Mina_Cooper5872@extex.org,Mina Cooper
Bart_Lynch3897@naiker.biz,Bart Lynch
Jacob_Malone8362@gmail.com,Jacob Malone
Rowan_Upsdell3419@bauros.biz,Rowan Upsdell
Eduardo_Crawley9422@bulaffy.com,Eduardo Crawley
Ron_Clark7967@muall.tech,Ron Clark
Barney_Chapman4352@gompie.com,Barney Chapman
George_Tait4094@sheye.org,George Tait
Roger_Mason8109@bretoux.com,Roger Mason
Carmella_Cunningham9473@cispeto.com,Carmella Cunningham
Phillip_Uttley8040@ubusive.com,Phillip Uttley
Tony_Wood6808@corti.com,Tony Wood
Gil_Wheeler7328@hourpy.biz,Gil Wheeler
Mandy_Glynn2640@bungar.biz,Mandy Glynn
Adeline_Curtis5640@twipet.com,Adeline Curtis
Nate_Richards6315@bungar.biz,Nate Richards
Chris_Rodgers2810@corti.com,Chris Rodgers
Kieth_Abbot1003@typill.biz,Kieth Abbot
Daniel_Dunbar9183@bauros.biz,Daniel Dunbar
Julian_Rowe9882@guentu.biz,Julian Rowe
Madelyn_Uddin179@yahoo.com,Madelyn Uddin
Bryon_Andersson5083@mafthy.com,Bryon Andersson
Mayleen_Harris7463@muall.tech,Mayleen Harris
William_Price2430@cispeto.com,William Price
Marina_Powell4520@iatim.tech,Marina Powell
John_Woodley8134@bulaffy.com,John Woodley
Melinda_Wills7322@deavo.com,Melinda Wills
George_Baker2425@zorer.org,George Baker
Julianna_Jackson5073@joiniaa.com,Julianna Jackson
Noah_Addison2688@gembat.biz,Noah Addison
Anabelle_James4737@corti.com,Anabelle James
Harry_John3969@irrepsy.com,Harry John
Carter_Eddison5980@gompie.com,Carter Eddison
Brad_Attwood433@supunk.biz,Brad Attwood
Matt_Coll3769@womeona.net,Matt Coll
Rae_Emerson518@fuliss.net,Rae Emerson
Lily_Seymour6051@grannar.com,Lily Seymour
Isabella_Exton2489@supunk.biz,Isabella Exton
Bernadette_Uttridge7648@womeona.net,Bernadette Uttridge
Jules_Eddison9340@irrepsy.com,Jules Eddison
Goldie_John8812@liret.org,Goldie John
Gladys_Taylor9369@womeona.net,Gladys Taylor
Cecilia_Lynn3793@hourpy.biz,Cecilia Lynn
Mike_Carter418@tonsy.org,Mike Carter
Mark_Hastings6618@deavo.com,Mark Hastings
Lorraine_Nicolas8549@corti.com,Lorraine Nicolas
Hayden_Lloyd5721@nickia.com,Hayden Lloyd
Adela_Torres3797@liret.org,Adela Torres
Margaret_Rodgers7236@muall.tech,Margaret Rodgers
Marla_Taylor9394@ovock.tech,Marla Taylor
Rick_Wright7386@elnee.tech,Rick Wright
Oliver_Moore1644@ubusive.com,Oliver Moore
Sofia_Penn4544@bretoux.com,Sofia Penn
Carrie_Hunt7016@typill.biz,Carrie Hunt
Kassandra_Kennedy8210@iatim.tech,Kassandra Kennedy
Brad_Swan155@atink.com,Brad Swan
Daphne_Owens9143@gembat.biz,Daphne Owens
Natalie_Clarke1365@iatim.tech,Natalie Clarke
Camellia_Drake510@twipet.com,Camellia Drake
Leroy_Saunders4232@sheye.org,Leroy Saunders
Logan_Butler1328@muall.tech,Logan Butler
Isabella_Gibbons1177@yahoo.com,Isabella Gibbons
Daron_Rigg62@deons.tech,Daron Rigg
Andrea_Ebbs2405@nimogy.biz,Andrea Ebbs
Beatrice_Vernon687@supunk.biz,Beatrice Vernon
Marissa_Stevens5349@sheye.org,Marissa Stevens
Julius_Lane2415@nanoff.biz,Julius Lane
Mary_Walsh2664@irrepsy.com,Mary Walsh
Jaylene_Shields1058@qater.org,Jaylene Shields
Julius_Spencer9543@cispeto.com,Julius Spencer
Mike_Russel7330@deons.tech,Mike Russel
Savannah_Stuart7375@hourpy.biz,Savannah Stuart
Hank_Edwards3405@guentu.biz,Hank Edwards
Havana_Nash8408@nickia.com,Havana Nash
Harry_Bennett7661@ovock.tech,Harry Bennett
Valentina_Neal2163@twipet.com,Valentina Neal
Sarah_Upsdell197@womeona.net,Sarah Upsdell
Denny_Nobbs1607@bungar.biz,Denny Nobbs
Marilyn_Dunbar4339@nanoff.biz,Marilyn Dunbar
Kieth_Stone 2237@bauros.biz,Kieth Stone 
Carl_Collis2750@gmail.com,Carl Collis
Rae_Purvis7780@deavo.com,Rae Purvis
Aiden_Reynolds4497@nimogy.biz,Aiden Reynolds
Alessia_Holt8106@womeona.net,Alessia Holt
John_James9102@gmail.com,John James
Bryon_Forester5947@joiniaa.com,Bryon Forester
Fred_Penn4571@vetan.org,Fred Penn
David_Zaoui6470@zorer.org,David Zaoui
Remy_Mcgregor4553@sheye.org,Remy Mcgregor
Noah_Tyler7362@gembat.biz,Noah Tyler
Georgia_Andersson7019@fuliss.net,Georgia Andersson
Boris_Denton9108@supunk.biz,Boris Denton
Skylar_Williams3712@ubusive.com,Skylar Williams
Percy_Veale8441@nimogy.biz,Percy Veale
Kieth_Adler9326@bauros.biz,Kieth Adler
Daniel_Sawyer1455@grannar.com,Daniel Sawyer
Joy_Rodgers3755@bretoux.com,Joy Rodgers
Hank_Button4401@gembat.biz,Hank Button
Mavis_Simpson2565@grannar.com,Mavis Simpson
Harriet_Vallins1345@bretoux.com,Harriet Vallins
Percy_Beal479@gmail.com,Percy Beal
Gabriel_Fisher9541@famism.biz,Gabriel Fisher
Hailey_Cunningham3673@bretoux.com,Hailey Cunningham
Mike_Fenton597@vetan.org,Mike Fenton
Tyson_Gilmore6423@joiniaa.com,Tyson Gilmore
Hope_York3741@naiker.biz,Hope York
Bethany_May8265@hourpy.biz,Bethany May
Jazmin_Willis33@gembat.biz,Jazmin Willis
Ruth_Garcia3840@deavo.com,Ruth Garcia
Logan_Crawford9379@bauros.biz,Logan Crawford
Elijah_Strong5145@famism.biz,Elijah Strong
Lily_Edwards6369@twipet.com,Lily Edwards
Chloe_Tennant1617@bulaffy.com,Chloe Tennant
Thea_Avery5331@gmail.com,Thea Avery
Gladys_Higgs8490@ovock.tech,Gladys Higgs
Danny_Beal9336@bungar.biz,Danny Beal
Rosemary_Edmonds6163@iatim.tech,Rosemary Edmonds
Chuck_Squire7721@grannar.com,Chuck Squire
Alexa_Devonport7072@grannar.com,Alexa Devonport
Callie_Styles4829@twace.org,Callie Styles
Rebecca_Turner5754@cispeto.com,Rebecca Turner
Oliver_Kirby5720@gmail.com,Oliver Kirby
Hailey_James7111@typill.biz,Hailey James
Chester_Myatt5370@ovock.tech,Chester Myatt
Johnathan_Mason9789@nanoff.biz,Johnathan Mason
Russel_Hilton2933@guentu.biz,Russel Hilton
Tony_Edwards8047@elnee.tech,Tony Edwards
Tiffany_Mould1103@jiman.org,Tiffany Mould
Leslie_Bailey4065@infotech44.tech,Leslie Bailey
Rocco_Chapman9064@nanoff.biz,Rocco Chapman
Julian_Upton5307@womeona.net,Julian Upton
Mary_Jackson4061@irrepsy.com,Mary Jackson
Julian_Veale6869@yahoo.com,Julian Veale
Daron_Roman2820@womeona.net,Daron Roman
Sasha_Mccormick2770@vetan.org,Sasha Mccormick
Priscilla_Logan26@sheye.org,Priscilla Logan
Rocco_Simpson1267@extex.org,Rocco Simpson
Aeris_Wilkinson2795@iatim.tech,Aeris Wilkinson
Tom_Woodcock6335@acrit.org,Tom Woodcock
Maddison_Rodgers3853@womeona.net,Maddison Rodgers
Lexi_Stewart3826@supunk.biz,Lexi Stewart
Analise_Osman9176@typill.biz,Analise Osman
Leanne_Aldridge6367@jiman.org,Leanne Aldridge
Boris_Jackson7048@joiniaa.com,Boris Jackson
Sarah_Ellis6510@zorer.org,Sarah Ellis
Mike_Jones9243@extex.org,Mike Jones
Tom_Clark4671@nickia.com,Tom Clark
Nick_Fenton7309@acrit.org,Nick Fenton
Florence_Gates4696@typill.biz,Florence Gates
Jayden_Broomfield3573@jiman.org,Jayden Broomfield
Tyson_Edwards9792@gembat.biz,Tyson Edwards
Eduardo_Rose5078@gompie.com,Eduardo Rose
Karla_Ring9233@tonsy.org,Karla Ring
Owen_Clifford9609@bretoux.com,Owen Clifford
Sofie_Strong3613@fuliss.net,Sofie Strong
Ciara_Walton8376@nickia.com,Ciara Walton
Helen_Lomax6578@sveldo.biz,Helen Lomax
Danielle_Mitchell2647@bungar.biz,Danielle Mitchell
Abdul_Drake1565@corti.com,Abdul Drake
Maya_Rogan2818@ovock.tech,Maya Rogan
Roger_Needham413@muall.tech,Roger Needham
Chris_Horton9642@liret.org,Chris Horton
Maddison_Radcliffe8384@yahoo.com,Maddison Radcliffe
Alexander_Eastwood8101@extex.org,Alexander Eastwood
Rocco_Archer282@twipet.com,Rocco Archer
Robyn_Fowler8758@infotech44.tech,Robyn Fowler
Maxwell_Radley8919@sveldo.biz,Maxwell Radley
Regina_Gaynor94@gmail.com,Regina Gaynor
Phillip_Cavanagh388@cispeto.com,Phillip Cavanagh
Irene_Lee1194@gompie.com,Irene Lee
Summer_Dyson2910@deavo.com,Summer Dyson
Kenzie_Rowe7537@naiker.biz,Kenzie Rowe
Mayleen_Kirby9869@sheye.org,Mayleen Kirby
Jacqueline_Asher7297@mafthy.com,Jacqueline Asher
Sabina_Redwood4400@twipet.com,Sabina Redwood
Chuck_Douglas5257@acrit.org,Chuck Douglas
Hailey_Newman3152@sheye.org,Hailey Newman
Cedrick_Pope1900@gmail.com,Cedrick Pope
Hank_Clifton2134@nickia.com,Hank Clifton
Ryan_Ulyatt2598@jiman.org,Ryan Ulyatt
Carter_Blackwall5345@nimogy.biz,Carter Blackwall
Valerie_Reid91@sveldo.biz,Valerie Reid
Leroy_Henderson4028@qater.org,Leroy Henderson
Bart_Larkin2085@nimogy.biz,Bart Larkin
Alessandra_Dubois3563@twipet.com,Alessandra Dubois
Owen_Morgan7673@twipet.com,Owen Morgan
Savannah_Chapman2559@ovock.tech,Savannah Chapman
Brad_Campbell6318@ovock.tech,Brad Campbell
Gabriel_Torres724@vetan.org,Gabriel Torres
Manuel_Hope3689@sheye.org,Manuel Hope
Eve_Atkinson5678@bungar.biz,Eve Atkinson
Leah_Khan2512@extex.org,Leah Khan
Leroy_Forth7284@sveldo.biz,Leroy Forth
Benjamin_Pierce4537@hourpy.biz,Benjamin Pierce
Candice_Fall2621@typill.biz,Candice Fall
Janelle_Hunter7480@liret.org,Janelle Hunter
Dalia_Norton4@ubusive.com,Dalia Norton
Isabel_Michael3254@typill.biz,Isabel Michael
Savannah_Rose6363@sheye.org,Savannah Rose
Jolene_Eaton9683@ovock.tech,Jolene Eaton
Mike_Wild5477@twace.org,Mike Wild
Esmeralda_Gibson7624@vetan.org,Esmeralda Gibson
Jack_Tate137@nanoff.biz,Jack Tate
Carol_Forth4034@guentu.biz,Carol Forth
George_Osman6381@ovock.tech,George Osman
Angelique_Mccormick5005@nanoff.biz,Angelique Mccormick
Claire_Wallace8027@typill.biz,Claire Wallace
Nick_Rust8704@twipet.com,Nick Rust
Bart_Mills7056@nimogy.biz,Bart Mills
Julius_Gibbons4713@bulaffy.com,Julius Gibbons
Susan_Ellery812@brety.org,Susan Ellery
Zoe_Ventura6044@mafthy.com,Zoe Ventura
Cherish_Warren5899@eirey.tech,Cherish Warren
Johnathan_Uttridge2018@sveldo.biz,Johnathan Uttridge
Owen_Brooks1145@ubusive.com,Owen Brooks
Elisabeth_Watson9453@cispeto.com,Elisabeth Watson
Macy_Pickard5925@gembat.biz,Macy Pickard
Denny_Adler781@bungar.biz,Denny Adler
Maia_Hammond2776@twipet.com,Maia Hammond
Cherish_Vane4649@famism.biz,Cherish Vane
Gil_Adler3555@womeona.net,Gil Adler
Teagan_Jacobs7550@grannar.com,Teagan Jacobs
Ramon_Morrow1039@brety.org,Ramon Morrow
Livia_Dyson3742@nimogy.biz,Livia Dyson
William_Andersson2632@deons.tech,William Andersson
Wade_Miller8177@bulaffy.com,Wade Miller
Bob_Bailey8934@bauros.biz,Bob Bailey
Marjorie_Sylvester692@bulaffy.com,Marjorie Sylvester
Erin_Cartwright5288@bretoux.com,Erin Cartwright
Stella_Phillips5402@corti.com,Stella Phillips
Felicity_Tobin7680@sheye.org,Felicity Tobin
Amelia_Gibson2586@supunk.biz,Amelia Gibson
Mason_Gilbert8398@womeona.net,Mason Gilbert
Taylor_Martin3527@ovock.tech,Taylor Martin
Jack_Willson4688@sheye.org,Jack Willson
Sage_Benson9505@dionrab.com,Sage Benson
Emmanuelle_Hill3316@iatim.tech,Emmanuelle Hill
Maxwell_Moore1260@yahoo.com,Maxwell Moore
Carl_Tate6857@typill.biz,Carl Tate
Kenzie_Mcguire69@gembat.biz,Kenzie Mcguire
Logan_Beal5942@tonsy.org,Logan Beal
Teagan_Jones64@hourpy.biz,Teagan Jones
Clint_Todd1953@gembat.biz,Clint Todd
Daria_Gibbons2194@ubusive.com,Daria Gibbons
Harry_Brennan3185@nimogy.biz,Harry Brennan
Matt_Pearce6530@corti.com,Matt Pearce
Gil_Owen7318@elnee.tech,Gil Owen
Jolene_Tyler1344@sheye.org,Jolene Tyler
Jaylene_Salt2974@kideod.biz,Jaylene Salt
Ron_Ventura4766@iatim.tech,Ron Ventura
Mark_Thatcher6682@bretoux.com,Mark Thatcher
Carmen_Wellington9134@yahoo.com,Carmen Wellington
Moira_Ianson5194@famism.biz,Moira Ianson
Clint_Sherwood7602@vetan.org,Clint Sherwood
Lana_Garcia4553@sheye.org,Lana Garcia
Mike_Roth8740@bungar.biz,Mike Roth
Kurt_Nicolas277@irrepsy.com,Kurt Nicolas
Jocelyn_Denton4158@supunk.biz,Jocelyn Denton
Anabel_Rowan1013@bungar.biz,Anabel Rowan
Margot_Whittle2556@bulaffy.com,Margot Whittle
Stella_Ellison8610@gmail.com,Stella Ellison
Benny_Evans9044@brety.org,Benny Evans
Denny_Gonzales9817@grannar.com,Denny Gonzales
Ramon_Hall555@grannar.com,Ramon Hall
Natalie_Wigley3605@acrit.org,Natalie Wigley
Meredith_Kelly5296@eirey.tech,Meredith Kelly
Rufus_Haines9581@nimogy.biz,Rufus Haines
Johnny_Jenkins6618@zorer.org,Johnny Jenkins
Alex_Richards6834@atink.com,Alex Richards
Michelle_Preston5539@guentu.biz,Michelle Preston
Noah_Kelly7099@vetan.org,Noah Kelly
Marla_Corbett5181@supunk.biz,Marla Corbett
Eduardo_Gibbons6561@eirey.tech,Eduardo Gibbons
Phillip_Allwood2860@yahoo.com,Phillip Allwood
Stephanie_Eaton1765@vetan.org,Stephanie Eaton
Matthew_Myatt2085@elnee.tech,Matthew Myatt
Chloe_Duvall6483@deavo.com,Chloe Duvall
Quinn_Vallins3556@iatim.tech,Quinn Vallins
Vanessa_Knight2758@hourpy.biz,Vanessa Knight
Cassandra_Larkin4346@joiniaa.com,Cassandra Larkin
Julius_Olivier5287@nanoff.biz,Julius Olivier
Eryn_Mccall973@sveldo.biz,Eryn Mccall
Bart_Douglas886@bulaffy.com,Bart Douglas
Hayden_Jenkins9364@nickia.com,Hayden Jenkins
Esmeralda_Farrell6470@nanoff.biz,Esmeralda Farrell
Roger_Lee3451@vetan.org,Roger Lee
Chuck_Crawford8027@nanoff.biz,Chuck Crawford
Ramon_Ryan4819@infotech44.tech,Ramon Ryan
Jocelyn_Simpson2422@ubusive.com,Jocelyn Simpson
Bryon_Fisher3654@joiniaa.com,Bryon Fisher
Raquel_Coll7607@bungar.biz,Raquel Coll
Wade_Parker3605@nickia.com,Wade Parker
Sage_Connor4802@mafthy.com,Sage Connor
Michaela_Drake9193@twace.org,Michaela Drake
Johnny_Benfield9704@irrepsy.com,Johnny Benfield
Cristal_Booth3164@gmail.com,Cristal Booth
Camellia_Reyes9425@corti.com,Camellia Reyes
Sofie_Tate8728@gompie.com,Sofie Tate
Ronald_Butler8040@twipet.com,Ronald Butler
Vera_Sanchez6547@extex.org,Vera Sanchez
Megan_Phillips2449@ovock.tech,Megan Phillips
Matt_Addis2827@nickia.com,Matt Addis
Ronald_Lane9991@womeona.net,Ronald Lane
Megan_Bell9935@typill.biz,Megan Bell
Victoria_Ianson3544@grannar.com,Victoria Ianson
Tony_Callan6766@joiniaa.com,Tony Callan
Jennifer_Styles3189@elnee.tech,Jennifer Styles
Hailey_Griffiths9831@nickia.com,Hailey Griffiths
Quinn_Seymour2026@deavo.com,Quinn Seymour
Bryon_Butler2838@deons.tech,Bryon Butler
Mandy_Hammond8432@typill.biz,Mandy Hammond
Matt_Turner6904@cispeto.com,Matt Turner
Barney_Cunningham8748@bulaffy.com,Barney Cunningham
Jack_Jenkin5755@vetan.org,Jack Jenkin
Harry_Healy3155@famism.biz,Harry Healy
Nicholas_Leslie6359@extex.org,Nicholas Leslie
Nancy_Griffiths5781@gompie.com,Nancy Griffiths
Bethany_Harris5169@bungar.biz,Bethany Harris
Sadie_Brock4664@fuliss.net,Sadie Brock
Roger_Porter2845@gembat.biz,Roger Porter
Ramon_Neal6823@nimogy.biz,Ramon Neal
Nancy_Huggins7885@zorer.org,Nancy Huggins
Julia_Powell6987@joiniaa.com,Julia Powell
Victoria_Hunter3002@bulaffy.com,Victoria Hunter
Winnie_Waterhouse6399@deavo.com,Winnie Waterhouse
Owen_Quinn3068@supunk.biz,Owen Quinn
Tyler_Roscoe4258@zorer.org,Tyler Roscoe
Erin_Adams8832@ubusive.com,Erin Adams
Gladys_Archer6397@sheye.org,Gladys Archer
Emerald_Lee613@twipet.com,Emerald Lee
Allison_Roth3781@vetan.org,Allison Roth
Marvin_Exton9803@bauros.biz,Marvin Exton
Margaret_Casey3984@yahoo.com,Margaret Casey
John_Vinton8319@jiman.org,John Vinton
Chris_Parker9643@qater.org,Chris Parker
Remy_Gilbert8798@typill.biz,Remy Gilbert
Lara_Oldfield118@nanoff.biz,Lara Oldfield
Gloria_Gilmore8105@kideod.biz,Gloria Gilmore
Jacob_Jobson1319@brety.org,Jacob Jobson
Julia_Butler6065@iatim.tech,Julia Butler
Aiden_Woods7869@bungar.biz,Aiden Woods
Matthew_Noach5258@hourpy.biz,Matthew Noach
Anthony_Kirby1756@gompie.com,Anthony Kirby
Lara_Ellis2235@muall.tech,Lara Ellis
Celia_Allcott3742@twipet.com,Celia Allcott
Rufus_Evans2266@elnee.tech,Rufus Evans
Elisabeth_Rogers2450@nanoff.biz,Elisabeth Rogers
Doug_Ebbs826@kideod.biz,Doug Ebbs
Dasha_Sloan9867@hourpy.biz,Dasha Sloan
Mark_May5581@womeona.net,Mark May
Elijah_Richardson9482@mafthy.com,Elijah Richardson
Andie_Hardwick4962@ovock.tech,Andie Hardwick
Bridget_Potter873@yahoo.com,Bridget Potter
Sabina_Dempsey9975@guentu.biz,Sabina Dempsey
Daniel_Connor7750@yahoo.com,Daniel Connor
Roger_Rixon5431@jiman.org,Roger Rixon
Carina_Gates6994@joiniaa.com,Carina Gates
Eduardo_Lee6466@irrepsy.com,Eduardo Lee
Daniel_Howard1399@liret.org,Daniel Howard
Jaylene_Baldwin9538@kideod.biz,Jaylene Baldwin
Chad_Clarke6656@twipet.com,Chad Clarke
Martha_Randall9248@muall.tech,Martha Randall
Benny_Mccormick2353@eirey.tech,Benny Mccormick
Penelope_Duvall6771@kideod.biz,Penelope Duvall
Julian_Norman5304@eirey.tech,Julian Norman
Tom_Andrews5450@womeona.net,Tom Andrews
Nate_Addison916@mafthy.com,Nate Addison
Cedrick_Gray4181@twipet.com,Cedrick Gray
Domenic_Sherwood9939@qater.org,Domenic Sherwood
Lillian_Collingwood8919@deavo.com,Lillian Collingwood
Sebastian_Milner5024@fuliss.net,Sebastian Milner
Daria_Walsh4164@ovock.tech,Daria Walsh
Eduardo_Collins3928@yahoo.com,Eduardo Collins
Regina_Drew6371@fuliss.net,Regina Drew
Sofia_Funnell3790@gmail.com,Sofia Funnell
Matt_Watson6864@nanoff.biz,Matt Watson
Bristol_Flynn8295@atink.com,Bristol Flynn
Parker_Bennett841@nickia.com,Parker Bennett
Chloe_Wilkinson4651@twace.org,Chloe Wilkinson
Lucas_Phillips9669@gompie.com,Lucas Phillips
Kieth_Steer8907@deons.tech,Kieth Steer
Willow_Phillips1314@infotech44.tech,Willow Phillips
Bart_Mason2442@yahoo.com,Bart Mason
Leroy_Silva2468@muall.tech,Leroy Silva
Sabrina_Hill9735@fuliss.net,Sabrina Hill
Stephanie_Nicholls2486@liret.org,Stephanie Nicholls
Adelaide_Graves1192@atink.com,Adelaide Graves
Aeris_Slater7318@corti.com,Aeris Slater
Harry_Doherty1216@bauros.biz,Harry Doherty
William_Notman4280@nanoff.biz,William Notman
Elisabeth_Lloyd3169@gompie.com,Elisabeth Lloyd
Caydence_Ellery8845@sveldo.biz,Caydence Ellery
Phoebe_Ellwood9086@ubusive.com,Phoebe Ellwood
Harvey_Rixon1003@twace.org,Harvey Rixon
Allison_Richards7548@zorer.org,Allison Richards
Cherish_Eagle2303@dionrab.com,Cherish Eagle
Gil_Riley784@ubusive.com,Gil Riley
Chloe_Dallas5459@atink.com,Chloe Dallas
Ramon_Rowan6317@vetan.org,Ramon Rowan
Marilyn_Williams7965@cispeto.com,Marilyn Williams
Gemma_Hunter3073@bretoux.com,Gemma Hunter
Harvey_Anderson4485@nanoff.biz,Harvey Anderson
Nick_Douglas8238@twace.org,Nick Douglas
Selena_Thornton5791@bungar.biz,Selena Thornton
Cedrick_Dixon9512@zorer.org,Cedrick Dixon
Destiny_Clark1412@corti.com,Destiny Clark
Gwen_Goodman7130@bungar.biz,Gwen Goodman
Russel_Hopkinson7606@bulaffy.com,Russel Hopkinson
Adalind_Ripley3692@bretoux.com,Adalind Ripley
Roger_Pierce4991@naiker.biz,Roger Pierce
Erick_Wilton8633@bulaffy.com,Erick Wilton
Goldie_Adler4324@kideod.biz,Goldie Adler
Payton_Lowe9545@ovock.tech,Payton Lowe
Deborah_Butler8947@brety.org,Deborah Butler
Maxwell_Evans6728@acrit.org,Maxwell Evans
Tyson_Nash6476@deons.tech,Tyson Nash
Aiden_Wigley3421@sheye.org,Aiden Wigley
Courtney_Simpson8024@nimogy.biz,Courtney Simpson
Hailey_Utterson3141@famism.biz,Hailey Utterson
Britney_Freeburn4274@iatim.tech,Britney Freeburn
Karen_Poulton7748@elnee.tech,Karen Poulton
Bristol_Maxwell5065@vetan.org,Bristol Maxwell
Miley_Raven3406@nickia.com,Miley Raven
Fred_Booth1884@cispeto.com,Fred Booth
Emely_Knott2020@ovock.tech,Emely Knott
Gwen_Palmer6217@naiker.biz,Gwen Palmer
Daniel_Herbert150@gmail.com,Daniel Herbert
Daron_Blackwall9060@liret.org,Daron Blackwall
Tyler_Farmer1976@guentu.biz,Tyler Farmer
Courtney_Groves6527@nimogy.biz,Courtney Groves
Jayden_Edwards9171@bauros.biz,Jayden Edwards
Caleb_Mcgee8249@zorer.org,Caleb Mcgee
Emma_Uttley7085@elnee.tech,Emma Uttley
Tom_Noach9793@sheye.org,Tom Noach
Camden_Kelly9554@twipet.com,Camden Kelly
Rosalyn_Butler3198@eirey.tech,Rosalyn Butler
Shannon_Jeffery9346@ovock.tech,Shannon Jeffery
Christy_Moss2746@twace.org,Christy Moss
Aisha_Mooney421@zorer.org,Aisha Mooney
Anthony_Henderson7756@extex.org,Anthony Henderson
Mike_Mooney8738@iatim.tech,Mike Mooney
Denny_Judd6322@bulaffy.com,Denny Judd
Nate_Adler5710@dionrab.com,Nate Adler
Mark_Mcnally7514@womeona.net,Mark Mcnally
Mandy_Maxwell8443@joiniaa.com,Mandy Maxwell
Aiden_Reyes825@extex.org,Aiden Reyes
Tony_Woodley3380@cispeto.com,Tony Woodley
Hailey_Stone3033@bretoux.com,Hailey Stone
Sharon_Morgan3711@gmail.com,Sharon Morgan
Carmella_Herbert9716@fuliss.net,Carmella Herbert
Mike_Bailey2500@nickia.com,Mike Bailey
Tyler_Yarwood4546@bulaffy.com,Tyler Yarwood
Allison_Stevenson6495@yahoo.com,Allison Stevenson
Jolene_Jackson634@famism.biz,Jolene Jackson
Meredith_Wild4412@extex.org,Meredith Wild
Chester_Janes4714@supunk.biz,Chester Janes
Sabina_Camden752@infotech44.tech,Sabina Camden
Jazmin_Truscott6732@cispeto.com,Jazmin Truscott
Iris_Bolton3993@atink.com,Iris Bolton
Carter_Kelly3500@bauros.biz,Carter Kelly
Nate_Mcguire9146@bungar.biz,Nate Mcguire
Jade_Briggs2634@grannar.com,Jade Briggs
Danny_Ranks549@qater.org,Danny Ranks
George_Jennson6763@bungar.biz,George Jennson
Stephanie_Wellington5631@sveldo.biz,Stephanie Wellington
Fiona_Partridge2831@bulaffy.com,Fiona Partridge
Alan_Chester7288@bretoux.com,Alan Chester
Joyce_Walsh1403@corti.com,Joyce Walsh
Luke_Clayton1135@muall.tech,Luke Clayton
Scarlett_Parr5552@gmail.com,Scarlett Parr
Hanna_Hudson4236@nickia.com,Hanna Hudson
Adelaide_Young8139@typill.biz,Adelaide Young
Sadie_Yarwood3462@gmail.com,Sadie Yarwood
Carina_Weston7413@twace.org,Carina Weston
George_Nicolas1766@bauros.biz,George Nicolas
Josh_Butler9107@qater.org,Josh Butler
Ramon_Mann9106@joiniaa.com,Ramon Mann
Ellen_Morgan656@fuliss.net,Ellen Morgan
Morgan_Mason3401@jiman.org,Morgan Mason
George_Simpson7354@yahoo.com,George Simpson
Cedrick_Mccormick4262@guentu.biz,Cedrick Mccormick
Martin_Pierce6668@extex.org,Martin Pierce
Chester_Mason9644@gembat.biz,Chester Mason
Scarlett_Emmett9449@bulaffy.com,Scarlett Emmett
Carl_Stanton7380@sveldo.biz,Carl Stanton
Chadwick_Upsdell9153@famism.biz,Chadwick Upsdell
Noemi_Pond8758@bretoux.com,Noemi Pond
Chris_Weasley225@elnee.tech,Chris Weasley
Irene_Tyrrell701@gompie.com,Irene Tyrrell
Dorothy_Everett1216@fuliss.net,Dorothy Everett
Teagan_Varley8299@supunk.biz,Teagan Varley
Daron_Bell3163@gembat.biz,Daron Bell
Karen_Morris6188@guentu.biz,Karen Morris
Summer_Vane6635@womeona.net,Summer Vane
Henry_Ward5073@dionrab.com,Henry Ward
Sharon_Donnelly1625@eirey.tech,Sharon Donnelly
Bridget_Hunter9052@guentu.biz,Bridget Hunter
Boris_Cobb4811@zorer.org,Boris Cobb
Winnie_Mcnally8181@hourpy.biz,Winnie Mcnally
Mandy_Cattell1870@corti.com,Mandy Cattell
Shannon_Pearson5870@eirey.tech,Shannon Pearson
Julius_Dowson7610@muall.tech,Julius Dowson
Bryce_Fisher657@brety.org,Bryce Fisher
Stacy_Oldfield7269@supunk.biz,Stacy Oldfield
Tania_Farrant7865@atink.com,Tania Farrant
Karen_Gilmour6677@twace.org,Karen Gilmour
Candice_Pratt6791@bauros.biz,Candice Pratt
Logan_Stevens6640@typill.biz,Logan Stevens
Vivian_Johnson8255@nickia.com,Vivian Johnson
David_Campbell892@supunk.biz,David Campbell
Chris_Styles8069@twace.org,Chris Styles
Jessica_Rehman4291@tonsy.org,Jessica Rehman
Logan_Shields6262@muall.tech,Logan Shields
Alice_Uddin3148@bauros.biz,Alice Uddin
Rosemary_Russell9208@gompie.com,Rosemary Russell
Hank_Hill1210@gompie.com,Hank Hill
Erick_Leslie2836@corti.com,Erick Leslie
Florence_Walsh5553@muall.tech,Florence Walsh
Harvey_Higgs4767@iatim.tech,Harvey Higgs
Dorothy_Price1692@gmail.com,Dorothy Price
Alexia_Fox3411@cispeto.com,Alexia Fox
Vicky_Wright2437@joiniaa.com,Vicky Wright
Holly_Edley8599@eirey.tech,Holly Edley
Eden_Rainford1348@atink.com,Eden Rainford
Brooklyn_Shepherd6744@yahoo.com,Brooklyn Shepherd
Ron_Rogan2961@ubusive.com,Ron Rogan
Andrea_Victor7464@elnee.tech,Andrea Victor
Payton_Burnley7710@sveldo.biz,Payton Burnley
Danny_Blackburn1533@deavo.com,Danny Blackburn
Javier_Thorne2333@eirey.tech,Javier Thorne
Valentina_Weatcroft276@elnee.tech,Valentina Weatcroft
Harvey_Drummond3137@kideod.biz,Harvey Drummond
Enoch_Stone 9157@guentu.biz,Enoch Stone 
Rose_Grey4250@corti.com,Rose Grey
Jackeline_Gray205@cispeto.com,Jackeline Gray
Owen_Durrant9644@atink.com,Owen Durrant
Helen_Chapman484@muall.tech,Helen Chapman
Marvin_Moss3088@liret.org,Marvin Moss
Noah_Jones3186@joiniaa.com,Noah Jones
Chadwick_Fields2623@gmail.com,Chadwick Fields
Zara_Plumb7496@guentu.biz,Zara Plumb
Adelaide_Shields5080@gembat.biz,Adelaide Shields
Andrea_Nobbs1552@grannar.com,Andrea Nobbs
Mabel_Rothwell2581@kideod.biz,Mabel Rothwell
Lucas_Higgs1956@womeona.net,Lucas Higgs
Maya_Mccall6127@nickia.com,Maya Mccall
John_Downing5877@bulaffy.com,John Downing
Benjamin_Ross1589@zorer.org,Benjamin Ross
Julian_Graham983@nickia.com,Julian Graham
Abdul_Pitt7661@iatim.tech,Abdul Pitt
Gil_Terry8153@tonsy.org,Gil Terry
Evelynn_Rogan2118@elnee.tech,Evelynn Rogan
Owen_Samuel8327@acrit.org,Owen Samuel
Anabelle_Pearson2524@bulaffy.com,Anabelle Pearson
Abdul_Fall3797@nimogy.biz,Abdul Fall
Johnathan_Owen5252@tonsy.org,Johnathan Owen
Johnny_Cann9766@brety.org,Johnny Cann
Ethan_Briggs3951@famism.biz,Ethan Briggs
Rufus_Foxley7195@iatim.tech,Rufus Foxley
Noah_Ballard7538@supunk.biz,Noah Ballard
Elijah_Brock8583@corti.com,Elijah Brock
Daniel_Parker1182@brety.org,Daniel Parker
Marilyn_Stanton230@bauros.biz,Marilyn Stanton
Denny_Coll1055@womeona.net,Denny Coll
Rufus_Ralph2040@bungar.biz,Rufus Ralph
Paula_Woods7510@mafthy.com,Paula Woods
Clarissa_Dixon1341@corti.com,Clarissa Dixon
Jacob_Mcleod4876@grannar.com,Jacob Mcleod
Chad_Chadwick6649@guentu.biz,Chad Chadwick
Carter_Warren9689@deavo.com,Carter Warren
Valentina_Matthews2152@twipet.com,Valentina Matthews
William_Bingham9362@qater.org,William Bingham
Camila_Cassidy5300@nanoff.biz,Camila Cassidy
Luke_Thomas5412@jiman.org,Luke Thomas
Emma_Jenkin5615@muall.tech,Emma Jenkin
Chris_Ingham3119@deons.tech,Chris Ingham
Greta_Hopkinson485@hourpy.biz,Greta Hopkinson
Gil_Eaton8503@jiman.org,Gil Eaton
Benjamin_Palmer6358@gembat.biz,Benjamin Palmer
Nick_Roberts4906@gompie.com,Nick Roberts
Nick_Murray7042@atink.com,Nick Murray
Anne_Watson5627@vetan.org,Anne Watson
Michael_Murphy8384@twace.org,Michael Murphy
Angelique_Kelly6983@nimogy.biz,Angelique Kelly
Josh_Fisher2640@typill.biz,Josh Fisher
Mona_Sherwood3570@jiman.org,Mona Sherwood
Wendy_Harris7486@nimogy.biz,Wendy Harris
Naomi_Bowen9015@extex.org,Naomi Bowen
Manuel_Morrison2313@grannar.com,Manuel Morrison
Hank_Weston5009@typill.biz,Hank Weston
Bob_Baxter8032@twipet.com,Bob Baxter
Jane_Coleman8859@gembat.biz,Jane Coleman
Ronald_Broomfield2995@joiniaa.com,Ronald Broomfield
Jacqueline_Shields1477@guentu.biz,Jacqueline Shields
Mark_Hastings6996@bulaffy.com,Mark Hastings
Carter_Gavin7099@bulaffy.com,Carter Gavin
Stephanie_Jennson5443@bulaffy.com,Stephanie Jennson
Maxwell_Goldsmith4522@nanoff.biz,Maxwell Goldsmith
Martha_Wild6895@mafthy.com,Martha Wild
Matt_Paterson8113@hourpy.biz,Matt Paterson
Shannon_Payne6182@fuliss.net,Shannon Payne
Rufus_Drake8847@guentu.biz,Rufus Drake
Jamie_Richards9731@irrepsy.com,Jamie Richards
Kurt_Swan3809@bauros.biz,Kurt Swan
Aisha_Taylor9752@corti.com,Aisha Taylor
Jack_Morley1036@atink.com,Jack Morley
Zara_Mcneill8892@grannar.com,Zara Mcneill
Alessandra_Higgs5323@zorer.org,Alessandra Higgs
Penelope_Talbot5637@gompie.com,Penelope Talbot
Percy_Hilton2294@infotech44.tech,Percy Hilton
Hanna_Whittle545@twipet.com,Hanna Whittle
Leroy_Leigh1279@deavo.com,Leroy Leigh
Doris_Windsor7313@corti.com,Doris Windsor
Emma_Knight4330@gembat.biz,Emma Knight
Camden_Whitmore5109@vetan.org,Camden Whitmore
Janelle_Trent3988@mafthy.com,Janelle Trent
Michael_Terry1341@nanoff.biz,Michael Terry
Chuck_King6045@corti.com,Chuck King
Lauren_Stuart8214@eirey.tech,Lauren Stuart
Percy_Roman714@liret.org,Percy Roman
Benjamin_Dillon267@vetan.org,Benjamin Dillon
Eduardo_Stone4517@qater.org,Eduardo Stone
Christy_Ross5437@womeona.net,Christy Ross
Gina_Yarwood5528@typill.biz,Gina Yarwood
Luke_Reyes9367@gembat.biz,Luke Reyes
Jenna_Miller2562@vetan.org,Jenna Miller
Chelsea_Rossi1622@vetan.org,Chelsea Rossi
Gloria_Niles5219@supunk.biz,Gloria Niles
Maxwell_Cox7518@irrepsy.com,Maxwell Cox
Blake_Ward2941@tonsy.org,Blake Ward
Leroy_Yarlett2651@zorer.org,Leroy Yarlett
Boris_Donnelly8238@extex.org,Boris Donnelly
Wendy_Sinclair8322@womeona.net,Wendy Sinclair
Priscilla_Cobb9419@infotech44.tech,Priscilla Cobb
Ramon_Pratt1545@famism.biz,Ramon Pratt
Summer_Vass4759@naiker.biz,Summer Vass
Gladys_Funnell724@nimogy.biz,Gladys Funnell
Lara_Yoman2949@yahoo.com,Lara Yoman
Benny_Page 5296@acrit.org,Benny Page 
Angel_Ventura2168@qater.org,Angel Ventura
Goldie_Mcgee3247@gembat.biz,Goldie Mcgee
Carter_Chapman2052@nimogy.biz,Carter Chapman
Oliver_Vaughn364@infotech44.tech,Oliver Vaughn
Bryon_Todd1339@irrepsy.com,Bryon Todd
Selena_Burnley9068@atink.com,Selena Burnley
Sara_Casey8086@bretoux.com,Sara Casey
Charlize_Preston6301@acrit.org,Charlize Preston
Alex_Hill8711@bauros.biz,Alex Hill
Michelle_Lyon6011@hourpy.biz,Michelle Lyon
Amelia_Boden5519@deons.tech,Amelia Boden
Sonya_Bloom7402@vetan.org,Sonya Bloom
Anthony_Lloyd1763@naiker.biz,Anthony Lloyd
Kendra_Nicolas8998@tonsy.org,Kendra Nicolas
Cynthia_Drew6809@mafthy.com,Cynthia Drew
Ronald_Robinson3755@acrit.org,Ronald Robinson
Clint_Lloyd784@bungar.biz,Clint Lloyd
Rufus_Edler7116@guentu.biz,Rufus Edler
Bart_Shaw144@gompie.com,Bart Shaw
Matthew_Hepburn842@grannar.com,Matthew Hepburn
Mona_Tennant4033@bauros.biz,Mona Tennant
Cecilia_Marshall9538@nickia.com,Cecilia Marshall
Phillip_Sherwood3971@guentu.biz,Phillip Sherwood
Josh_Vallins2473@guentu.biz,Josh Vallins
Michaela_Jones122@bungar.biz,Michaela Jones
Rufus_Antcliff1110@nanoff.biz,Rufus Antcliff
Juliet_Roberts8346@ubusive.com,Juliet Roberts
Josephine_Spencer3205@supunk.biz,Josephine Spencer
Davina_Redfern411@irrepsy.com,Davina Redfern
Bryon_Fowler1249@twipet.com,Bryon Fowler
Raquel_Cartwright1856@hourpy.biz,Raquel Cartwright
Henry_Ianson4701@brety.org,Henry Ianson
Winnie_Mcleod7762@extex.org,Winnie Mcleod
Gwenyth_Lane655@mafthy.com,Gwenyth Lane
Barry_Flynn8555@twace.org,Barry Flynn
Keira_Talbot5338@ubusive.com,Keira Talbot
Sara_Wright8110@muall.tech,Sara Wright
Tom_Mills101@tonsy.org,Tom Mills
Gil_Patel5870@acrit.org,Gil Patel
Bob_Kent493@bungar.biz,Bob Kent
Russel_Oliver5299@bretoux.com,Russel Oliver
Henry_Hamilton634@dionrab.com,Henry Hamilton
Raquel_Phillips1448@famism.biz,Raquel Phillips
Lana_Gosling1339@dionrab.com,Lana Gosling
Hayden_Kerr8756@gmail.com,Hayden Kerr
Matt_Kirby4981@famism.biz,Matt Kirby
Tyler_Hale6105@guentu.biz,Tyler Hale
Ronald_Dixon4969@ubusive.com,Ronald Dixon
Emmanuelle_Crawley9407@vetan.org,Emmanuelle Crawley
Eryn_Cox5463@famism.biz,Eryn Cox
Daniel_Villiger9847@bretoux.com,Daniel Villiger
Logan_Thomson1589@supunk.biz,Logan Thomson
Ramon_James42@qater.org,Ramon James
Chris_Lloyd2614@typill.biz,Chris Lloyd
Johnathan_Alldridge8122@gembat.biz,Johnathan Alldridge
Rick_Brooks2562@guentu.biz,Rick Brooks
Anthony_Khan4533@elnee.tech,Anthony Khan
Carla_Whittle2938@bretoux.com,Carla Whittle
Gwenyth_Walker1037@fuliss.net,Gwenyth Walker
Nate_Taylor959@deons.tech,Nate Taylor
Emery_Veale7461@brety.org,Emery Veale
Kurt_Robinson7721@vetan.org,Kurt Robinson
Phillip_Olson2603@qater.org,Phillip Olson
Leanne_Steer5684@womeona.net,Leanne Steer
Hadley_Fowler9590@atink.com,Hadley Fowler
Percy_Moore7983@acrit.org,Percy Moore
Nathan_Wilcox1569@bulaffy.com,Nathan Wilcox
Daphne_Wise7158@cispeto.com,Daphne Wise
Roger_Rogers6851@acrit.org,Roger Rogers
Logan_Curtis2515@nickia.com,Logan Curtis
Sebastian_Lane5623@eirey.tech,Sebastian Lane
Amelia_Whatson6042@mafthy.com,Amelia Whatson
Amy_Evans4246@eirey.tech,Amy Evans
Rocco_Shields3532@vetan.org,Rocco Shields
Owen_Penn611@fuliss.net,Owen Penn
Cynthia_Dowson6188@twace.org,Cynthia Dowson
Mike_Bell1346@bungar.biz,Mike Bell
Olivia_Hale9153@sveldo.biz,Olivia Hale
Aisha_Harrison1214@nimogy.biz,Aisha Harrison
Daron_Kirby4388@bauros.biz,Daron Kirby
Chester_Howard6353@irrepsy.com,Chester Howard
Violet_Neal5493@irrepsy.com,Violet Neal
Hazel_Donovan4668@yahoo.com,Hazel Donovan
Marie_Matthews4977@twace.org,Marie Matthews
George_Nelson2424@bulaffy.com,George Nelson
Russel_Porter3714@jiman.org,Russel Porter
Harry_Lewin8590@ovock.tech,Harry Lewin
Harvey_Lyon6580@atink.com,Harvey Lyon
Penelope_Heaton4451@extex.org,Penelope Heaton
Percy_Eddison895@muall.tech,Percy Eddison
Mason_Mason3075@guentu.biz,Mason Mason
Margaret_Parker7314@vetan.org,Margaret Parker
Cameron_Taylor2833@fuliss.net,Cameron Taylor
Enoch_Thornton5131@iatim.tech,Enoch Thornton
Isabella_Saunders3435@guentu.biz,Isabella Saunders
Rocco_Rowlands2456@iatim.tech,Rocco Rowlands
Boris_Smith7140@womeona.net,Boris Smith
Julia_Stone 9677@bretoux.com,Julia Stone 
Roger_Addley418@hourpy.biz,Roger Addley
Hayden_Murphy4361@irrepsy.com,Hayden Murphy
Sydney_Jenkins4676@elnee.tech,Sydney Jenkins
Julius_Vangness4271@twace.org,Julius Vangness
Ryan_Ogilvy1114@zorer.org,Ryan Ogilvy
Jack_Malone7572@gembat.biz,Jack Malone
Faith_Chappell1932@qater.org,Faith Chappell
Camellia_Widdows5055@liret.org,Camellia Widdows
Jasmine_Sherry7694@sveldo.biz,Jasmine Sherry
Joy_Vallory2748@nickia.com,Joy Vallory
Cristal_Santos8406@cispeto.com,Cristal Santos
Trisha_Stevenson1749@eirey.tech,Trisha Stevenson
Callie_Groves2212@ovock.tech,Callie Groves
Tara_Taylor6150@bretoux.com,Tara Taylor
Matthew_Wallace1954@liret.org,Matthew Wallace
Melania_Sherwood36@zorer.org,Melania Sherwood
Julian_Vangness955@sveldo.biz,Julian Vangness
Aiden_West6779@muall.tech,Aiden West
Laila_Forester2527@fuliss.net,Laila Forester
Olivia_Andrews8115@fuliss.net,Olivia Andrews
Martha_Bloom9685@jiman.org,Martha Bloom
Colleen_Garcia6103@sveldo.biz,Colleen Garcia
Leslie_Emmott3044@tonsy.org,Leslie Emmott
Charlotte_Walker1174@tonsy.org,Charlotte Walker
Logan_Tobin9581@sheye.org,Logan Tobin
Grace_Vaughan1818@nickia.com,Grace Vaughan
Bob_Vincent9861@liret.org,Bob Vincent
Martin_Morrow8210@brety.org,Martin Morrow
Enoch_Sawyer5767@joiniaa.com,Enoch Sawyer
Noah_Partridge658@womeona.net,Noah Partridge
Britney_Cattell6166@elnee.tech,Britney Cattell
Marilyn_Lyon1942@dionrab.com,Marilyn Lyon
Amelia_Amstead9318@supunk.biz,Amelia Amstead
Aleksandra_Wigley669@iatim.tech,Aleksandra Wigley
Skylar_Stewart3842@kideod.biz,Skylar Stewart
Isabella_Stewart5540@twace.org,Isabella Stewart
Vera_Overson6605@liret.org,Vera Overson
Lexi_Whittle5597@joiniaa.com,Lexi Whittle
Rufus_Anderson7461@ubusive.com,Rufus Anderson
Wade_Grant1790@nimogy.biz,Wade Grant
Blake_Wilton4441@nickia.com,Blake Wilton
Summer_Mann1716@vetan.org,Summer Mann
Domenic_Norton641@sheye.org,Domenic Norton
David_Sheldon7084@typill.biz,David Sheldon
Chanelle_Kennedy6476@gembat.biz,Chanelle Kennedy
Jules_Moore492@gembat.biz,Jules Moore
Michaela_Walker8693@irrepsy.com,Michaela Walker
Cecilia_Jobson9953@mafthy.com,Cecilia Jobson
Ada_Blythe9513@irrepsy.com,Ada Blythe
Carter_Chadwick9666@kideod.biz,Carter Chadwick
Nate_Redfern3596@gembat.biz,Nate Redfern
Hayden_Bowen2279@bretoux.com,Hayden Bowen
Nate_Norris9520@fuliss.net,Nate Norris
Norah_Knight5932@deons.tech,Norah Knight
Kendra_Hilton1221@vetan.org,Kendra Hilton
Logan_Whinter1709@gembat.biz,Logan Whinter
Fred_Hamilton6027@deons.tech,Fred Hamilton
Ryan_Bullock6632@cispeto.com,Ryan Bullock
Chadwick_Osman6808@nimogy.biz,Chadwick Osman
Audrey_Silva9337@joiniaa.com,Audrey Silva
Alexa_Shields8775@nickia.com,Alexa Shields
Russel_Furnell7575@dionrab.com,Russel Furnell
Miley_Norton212@guentu.biz,Miley Norton
Stacy_Oldfield8576@sheye.org,Stacy Oldfield
Logan_Quinton829@jiman.org,Logan Quinton
Melody_Craig4402@brety.org,Melody Craig
Faith_Egerton7670@fuliss.net,Faith Egerton
Jayden_Dickson9318@deons.tech,Jayden Dickson
Molly_Stuart6025@twace.org,Molly Stuart
Mike_Reese7889@corti.com,Mike Reese
Barry_Dyson1640@bulaffy.com,Barry Dyson
Shay_Isaac6120@eirey.tech,Shay Isaac
Elisabeth_Thorne294@supunk.biz,Elisabeth Thorne
Vanessa_Moore132@nimogy.biz,Vanessa Moore
Percy_Hamilton7671@infotech44.tech,Percy Hamilton
Percy_Wills9476@womeona.net,Percy Wills
Martin_Tate9510@atink.com,Martin Tate
Carissa_Shields8649@supunk.biz,Carissa Shields
Eduardo_Mcneill6724@kideod.biz,Eduardo Mcneill
Phillip_Murphy2132@tonsy.org,Phillip Murphy
Ellen_Oliver991@mafthy.com,Ellen Oliver
Cedrick_Randall1882@naiker.biz,Cedrick Randall
Jules_Gibson906@iatim.tech,Jules Gibson
Belinda_Fox8827@bungar.biz,Belinda Fox
Meredith_Emmett6179@nickia.com,Meredith Emmett
Gemma_Edley3108@elnee.tech,Gemma Edley
Ron_Plant7651@fuliss.net,Ron Plant
Carter_Talbot3711@nimogy.biz,Carter Talbot
Rosie_Young692@bulaffy.com,Rosie Young
Luna_Rixon383@irrepsy.com,Luna Rixon
Liam_Nash2771@acrit.org,Liam Nash
Gabriel_Steer4350@vetan.org,Gabriel Steer
Sebastian_Brooks7606@acrit.org,Sebastian Brooks
Emely_Sherry872@extex.org,Emely Sherry
Emely_Drew1993@gmail.com,Emely Drew
Estrella_Thomas7177@gmail.com,Estrella Thomas
Roger_Irving8489@deavo.com,Roger Irving
Britney_Lunt4168@yahoo.com,Britney Lunt
Alex_Sheldon7612@sheye.org,Alex Sheldon
Florence_Baldwin7199@deons.tech,Florence Baldwin
Noah_Ranks536@supunk.biz,Noah Ranks
Sadie_Cox9004@deons.tech,Sadie Cox
Chester_Richards628@tonsy.org,Chester Richards
Mary_Gray554@sheye.org,Mary Gray
Scarlett_Mullins649@gmail.com,Scarlett Mullins
Benjamin_Davies4213@famism.biz,Benjamin Davies
Darlene_Truscott6331@mafthy.com,Darlene Truscott
Carina_Robinson4595@corti.com,Carina Robinson
Abdul_Hamilton3215@dionrab.com,Abdul Hamilton
Chad_Calderwood5798@ovock.tech,Chad Calderwood
Chuck_Phillips9421@supunk.biz,Chuck Phillips
Adelaide_Anderson6889@atink.com,Adelaide Anderson
Sienna_Walker8410@tonsy.org,Sienna Walker
Rosalee_Bowen4764@nickia.com,Rosalee Bowen
Valentina_Dallas5658@nickia.com,Valentina Dallas
Rufus_Clayton9881@guentu.biz,Rufus Clayton
Kurt_Nicolas4625@gmail.com,Kurt Nicolas
Rick_Mullins2400@acrit.org,Rick Mullins
Nathan_Ballard3194@guentu.biz,Nathan Ballard
Alexander_Johnson1243@elnee.tech,Alexander Johnson
Kamila_Devonport9171@qater.org,Kamila Devonport
Tyler_Carter2745@irrepsy.com,Tyler Carter
Erick_Turner7910@ubusive.com,Erick Turner
Lauren_Gaynor4705@jiman.org,Lauren Gaynor
Mike_King1220@hourpy.biz,Mike King
Hadley_Ross6713@gmail.com,Hadley Ross
Darlene_Whitmore5618@elnee.tech,Darlene Whitmore
Alessia_Saunders6203@bauros.biz,Alessia Saunders
Aiden_Stubbs7704@iatim.tech,Aiden Stubbs
Tyler_Rivers9868@deons.tech,Tyler Rivers
Chadwick_Kennedy8478@supunk.biz,Chadwick Kennedy
Hank_Ventura787@sveldo.biz,Hank Ventura
Nick_Weatcroft9069@gmail.com,Nick Weatcroft
Sabrina_Whitmore3636@gembat.biz,Sabrina Whitmore
Logan_Tanner7200@joiniaa.com,Logan Tanner
Denis_Selby4963@typill.biz,Denis Selby
Carissa_Hunter5730@typill.biz,Carissa Hunter
Scarlett_Santos1758@brety.org,Scarlett Santos
Wade_Pierce5110@ubusive.com,Wade Pierce
Bart_Pickard3918@tonsy.org,Bart Pickard
Josephine_Oliver7684@bauros.biz,Josephine Oliver
Rufus_Taylor4328@hourpy.biz,Rufus Taylor
Chad_Garcia2634@elnee.tech,Chad Garcia
Denis_Boyle1027@muall.tech,Denis Boyle
Percy_Bradley6243@twipet.com,Percy Bradley
Emely_Tobin3920@fuliss.net,Emely Tobin
Erick_Devonport3061@hourpy.biz,Erick Devonport
Lorraine_Dempsey8184@hourpy.biz,Lorraine Dempsey
Bob_Whitehouse3388@guentu.biz,Bob Whitehouse
Rufus_Shaw813@yahoo.com,Rufus Shaw
Abbey_Kelly7436@bretoux.com,Abbey Kelly
Johnathan_Coleman4787@iatim.tech,Johnathan Coleman
Abbey_Welsch4178@ubusive.com,Abbey Welsch
Savannah_Lynn4396@yahoo.com,Savannah Lynn
Ronald_Cox2792@elnee.tech,Ronald Cox
Benjamin_Lee7311@typill.biz,Benjamin Lee
Kamila_Brennan3684@irrepsy.com,Kamila Brennan
Bree_Varley9972@ovock.tech,Bree Varley
Daron_Becker1790@acrit.org,Daron Becker
Piper_Glass79@qater.org,Piper Glass
Miley_Gavin468@twace.org,Miley Gavin
Percy_Edley3177@infotech44.tech,Percy Edley
Marissa_Jones6700@yahoo.com,Marissa Jones
Noah_Page 9532@extex.org,Noah Page 
Martha_Overson4972@ubusive.com,Martha Overson
Anabelle_Thomas9309@gmail.com,Anabelle Thomas
Jazmin_Parr8748@elnee.tech,Jazmin Parr
Jaylene_Jenkins2478@bungar.biz,Jaylene Jenkins
Wade_Emmott352@nimogy.biz,Wade Emmott
Tom_Powell1535@gompie.com,Tom Powell
Owen_Harrington144@nimogy.biz,Owen Harrington
Esmeralda_Rose7160@womeona.net,Esmeralda Rose
Alan_Clifton9462@womeona.net,Alan Clifton
Maxwell_Patel2405@corti.com,Maxwell Patel
Johnathan_Jacobs326@sheye.org,Johnathan Jacobs
Barry_Chappell8142@dionrab.com,Barry Chappell
Tom_Maxwell3651@liret.org,Tom Maxwell
Jack_Tennant1764@grannar.com,Jack Tennant
Leanne_Owen7201@fuliss.net,Leanne Owen
Rufus_Morley5116@infotech44.tech,Rufus Morley
Rosalyn_Yang6625@sveldo.biz,Rosalyn Yang
Margaret_Anderson2460@sheye.org,Margaret Anderson
Brad_Hewitt6518@guentu.biz,Brad Hewitt
Erica_Murray7220@brety.org,Erica Murray
Davina_Ellis6901@vetan.org,Davina Ellis
Valerie_Nanton134@sheye.org,Valerie Nanton
Liam_Thomas8397@extex.org,Liam Thomas
Aiden_Russell2622@sheye.org,Aiden Russell
Sarah_Parker4077@guentu.biz,Sarah Parker
Eryn_Lambert8364@dionrab.com,Eryn Lambert
Kenzie_Myatt7779@nimogy.biz,Kenzie Myatt
Rylee_Moran508@deons.tech,Rylee Moran
Erin_Duvall4675@acrit.org,Erin Duvall
Nathan_Boden6631@deavo.com,Nathan Boden
Victoria_Drake9497@mafthy.com,Victoria Drake
Chuck_Vincent8036@extex.org,Chuck Vincent
Karla_Yang9473@bretoux.com,Karla Yang
Brad_Steer1402@zorer.org,Brad Steer
Boris_Benson1789@cispeto.com,Boris Benson
John_Sinclair609@sveldo.biz,John Sinclair
Chester_Poulton1330@vetan.org,Chester Poulton
Gil_Aldridge1959@sheye.org,Gil Aldridge
Leroy_Bishop518@kideod.biz,Leroy Bishop
Cedrick_King1675@dionrab.com,Cedrick King
Jayden_Niles7910@nickia.com,Jayden Niles
Chad_Tutton4315@sheye.org,Chad Tutton
Russel_Thomson7032@sheye.org,Russel Thomson
Doris_Phillips3404@jiman.org,Doris Phillips
Harry_Umney3663@brety.org,Harry Umney
Mavis_Ward7337@vetan.org,Mavis Ward
Rylee_Janes9825@gompie.com,Rylee Janes
Rhea_Evans4553@zorer.org,Rhea Evans
Marvin_Willson4178@twace.org,Marvin Willson
Luke_Torres2766@infotech44.tech,Luke Torres
Ryan_Healy8953@zorer.org,Ryan Healy
Nathan_Vane624@bulaffy.com,Nathan Vane
Ruby_Shaw8138@zorer.org,Ruby Shaw
Penelope_Rowe1276@qater.org,Penelope Rowe
Mike_Radcliffe4611@nimogy.biz,Mike Radcliffe
Chadwick_Patel2409@yahoo.com,Chadwick Patel
Clint_Button7671@guentu.biz,Clint Button
Melody_Thomas1126@muall.tech,Melody Thomas
Chadwick_Middleton5508@bungar.biz,Chadwick Middleton
Doug_Lynn5503@iatim.tech,Doug Lynn
George_Robertson4353@gompie.com,George Robertson
Danny_Jackson2110@typill.biz,Danny Jackson
Noah_Reading225@grannar.com,Noah Reading
Kurt_Drew9254@womeona.net,Kurt Drew
Owen_Alexander4809@twipet.com,Owen Alexander
Alessia_Flett5384@gompie.com,Alessia Flett
Nicole_Walker6106@kideod.biz,Nicole Walker
Nathan_Parr2015@ovock.tech,Nathan Parr
Robyn_Collis3040@dionrab.com,Robyn Collis
Josh_Mills72@corti.com,Josh Mills
George_Giles214@cispeto.com,George Giles
Sienna_Snell1419@womeona.net,Sienna Snell
Jasmine_Healy6327@deavo.com,Jasmine Healy
Doug_Reid5672@brety.org,Doug Reid
Scarlett_Moss9852@guentu.biz,Scarlett Moss
Taylor_Long4025@muall.tech,Taylor Long
Leah_Thorpe575@jiman.org,Leah Thorpe
Chad_Tutton1058@cispeto.com,Chad Tutton
Lauren_Gilmour6743@kideod.biz,Lauren Gilmour
Brad_Hunter5901@kideod.biz,Brad Hunter
Gabriel_Selby2701@elnee.tech,Gabriel Selby
Callie_Moreno1244@elnee.tech,Callie Moreno
Sabina_Collis4954@gmail.com,Sabina Collis
Roger_Thompson3608@nanoff.biz,Roger Thompson
Tyler_Oakley485@brety.org,Tyler Oakley
Hope_Randall5405@muall.tech,Hope Randall
Hailey_Hobson9520@infotech44.tech,Hailey Hobson
Lucas_Quinnell6320@cispeto.com,Lucas Quinnell
Helen_Irwin6792@extex.org,Helen Irwin
Melinda_Cadman2984@deons.tech,Melinda Cadman
Meredith_Reynolds4171@jiman.org,Meredith Reynolds
Rosemary_Walter5309@sveldo.biz,Rosemary Walter
Erick_Beal4678@vetan.org,Erick Beal
Clint_Clarke5308@eirey.tech,Clint Clarke
Robyn_Flack8419@infotech44.tech,Robyn Flack
Brad_Rivers622@sveldo.biz,Brad Rivers
Alexander_Victor4442@corti.com,Alexander Victor
Luna_Poole6845@ubusive.com,Luna Poole
Fred_Payne5241@gembat.biz,Fred Payne
Stella_Phillips681@eirey.tech,Stella Phillips
Valerie_Allington497@atink.com,Valerie Allington
Isabel_Andrews4422@yahoo.com,Isabel Andrews
Hank_Welsch4222@twipet.com,Hank Welsch
Benny_Thomson9681@ubusive.com,Benny Thomson
Aurelia_Cadman1965@supunk.biz,Aurelia Cadman
Bob_Stark6278@mafthy.com,Bob Stark
Tom_Jacobs8160@extex.org,Tom Jacobs
Abdul_Nicholls2876@supunk.biz,Abdul Nicholls
Rachael_Collins6644@infotech44.tech,Rachael Collins
Dasha_Anderson2411@bauros.biz,Dasha Anderson
Chad_Stewart7356@famism.biz,Chad Stewart
Naomi_Eyres6627@bungar.biz,Naomi Eyres
Michaela_Fowler8595@brety.org,Michaela Fowler
Ethan_Moore4277@muall.tech,Ethan Moore
Jacob_Taylor5796@corti.com,Jacob Taylor
Barney_Tait2302@deavo.com,Barney Tait
Alice_Hill8791@bauros.biz,Alice Hill
Rae_Attwood7688@infotech44.tech,Rae Attwood
Bree_Walsh3522@typill.biz,Bree Walsh
Denny_Ross9256@womeona.net,Denny Ross
Anabel_Lewin5833@famism.biz,Anabel Lewin
Elijah_Larkin2404@extex.org,Elijah Larkin
Owen_Edley9510@typill.biz,Owen Edley
Luna_Vincent1022@guentu.biz,Luna Vincent
Noah_Vaughn4652@iatim.tech,Noah Vaughn
Manuel_Sheldon7631@womeona.net,Manuel Sheldon
Davina_Taylor6915@gembat.biz,Davina Taylor
Eve_Alexander8350@bretoux.com,Eve Alexander
Logan_Yarlett7881@yahoo.com,Logan Yarlett
Wade_Robinson5473@nimogy.biz,Wade Robinson
Chad_Rust269@nimogy.biz,Chad Rust
Fiona_Hall9600@gembat.biz,Fiona Hall
Jaylene_Benson7108@jiman.org,Jaylene Benson
Benjamin_Bishop7387@ovock.tech,Benjamin Bishop
Kurt_Rowlands7913@jiman.org,Kurt Rowlands
Hayden_Lee4441@liret.org,Hayden Lee
Katelyn_Morley644@sveldo.biz,Katelyn Morley
Carter_Collins9935@vetan.org,Carter Collins
Blake_Slater6168@deavo.com,Blake Slater
Gladys_Hamilton5226@yahoo.com,Gladys Hamilton
Brad_Booth5938@gmail.com,Brad Booth
Nathan_Victor7640@nickia.com,Nathan Victor
Priscilla_Davies7251@vetan.org,Priscilla Davies
Priscilla_Emmett6049@extex.org,Priscilla Emmett
Vivian_Morrison1251@ubusive.com,Vivian Morrison
Janelle_Bradshaw748@ovock.tech,Janelle Bradshaw
Michael_Roscoe4064@irrepsy.com,Michael Roscoe
Isabel_Dixon6855@irrepsy.com,Isabel Dixon
Julius_Plant3227@guentu.biz,Julius Plant
Jane_Russell9970@joiniaa.com,Jane Russell
Marigold_Clifton5228@extex.org,Marigold Clifton
Daron_Hunter2553@nickia.com,Daron Hunter
Jolene_Ralph8185@kideod.biz,Jolene Ralph
Mackenzie_Tobin2503@twipet.com,Mackenzie Tobin
Megan_Newton1271@sveldo.biz,Megan Newton
Lucas_Griffiths2438@deavo.com,Lucas Griffiths
Greta_Hopkinson6745@vetan.org,Greta Hopkinson
Rocco_Johnson4238@acrit.org,Rocco Johnson
Sofia_Whitehouse209@zorer.org,Sofia Whitehouse
Amelia_Andrews8758@nimogy.biz,Amelia Andrews
Clint_Kidd7088@womeona.net,Clint Kidd
Andrea_Russell4063@vetan.org,Andrea Russell
Esmeralda_Stuart5499@typill.biz,Esmeralda Stuart
Peter_Vaughan2092@dionrab.com,Peter Vaughan
Bart_Camden8992@eirey.tech,Bart Camden
Matthew_Nayler2669@nanoff.biz,Matthew Nayler
Angela_Forester5527@ubusive.com,Angela Forester
Sofie_Dixon1492@cispeto.com,Sofie Dixon
Sonya_Graham8065@iatim.tech,Sonya Graham
Sasha_Sawyer2117@tonsy.org,Sasha Sawyer
Andie_Clifford7958@ubusive.com,Andie Clifford
Oliver_Tyrrell4516@supunk.biz,Oliver Tyrrell
Freya_Curtis2402@sheye.org,Freya Curtis
Jackeline_Tutton2282@irrepsy.com,Jackeline Tutton
Boris_White6985@bretoux.com,Boris White
Megan_Drummond2633@guentu.biz,Megan Drummond
Harvey_Upton753@nimogy.biz,Harvey Upton
Erick_Howard2284@infotech44.tech,Erick Howard
Vanessa_Cattell7676@nanoff.biz,Vanessa Cattell
Piper_Abbey293@bungar.biz,Piper Abbey
Nate_Hunter7403@nickia.com,Nate Hunter
Adelaide_Young4862@tonsy.org,Adelaide Young
Chris_Turner5686@cispeto.com,Chris Turner
Johnny_Ebden5445@infotech44.tech,Johnny Ebden
Lindsay_Cork2492@brety.org,Lindsay Cork
Chad_Speed5382@guentu.biz,Chad Speed
Ron_Price3425@supunk.biz,Ron Price
Margot_Cann4133@infotech44.tech,Margot Cann
Mark_Patel390@zorer.org,Mark Patel
Ryan_Maxwell2664@iatim.tech,Ryan Maxwell
Phillip_Moore553@fuliss.net,Phillip Moore
Mason_Thompson66@acrit.org,Mason Thompson
Britney_Roth5895@infotech44.tech,Britney Roth
Lucas_Mills1708@infotech44.tech,Lucas Mills
Bart_Booth5832@zorer.org,Bart Booth
Mona_Turner3752@corti.com,Mona Turner
Julian_Mills9179@typill.biz,Julian Mills
Esmeralda_Shelton3365@hourpy.biz,Esmeralda Shelton
Martin_Coates534@nickia.com,Martin Coates
Bryon_Douglas778@kideod.biz,Bryon Douglas
Monica_James2959@nanoff.biz,Monica James
Rocco_Poole1885@supunk.biz,Rocco Poole
Kate_Spencer5203@iatim.tech,Kate Spencer
Harvey_Watson7764@supunk.biz,Harvey Watson
Nina_Beal3410@sveldo.biz,Nina Beal
Abdul_Dubois9123@guentu.biz,Abdul Dubois
Meredith_Purvis9311@muall.tech,Meredith Purvis
Javier_Benson7382@sheye.org,Javier Benson
Alexa_Coll9462@nimogy.biz,Alexa Coll
Scarlett_Riley4155@sveldo.biz,Scarlett Riley
Mark_Carpenter6876@nickia.com,Mark Carpenter
Emery_Jenkins1929@gmail.com,Emery Jenkins
William_Malone3054@sveldo.biz,William Malone
Chad_Reynolds8728@tonsy.org,Chad Reynolds
Erick_Holt54@iatim.tech,Erick Holt
Adeline_Wade6479@eirey.tech,Adeline Wade
Ronald_Rycroft8114@deavo.com,Ronald Rycroft
Luke_Chapman2601@tonsy.org,Luke Chapman
Anthony_Tindall3607@corti.com,Anthony Tindall
Tess_Leigh8356@deons.tech,Tess Leigh
Domenic_Reyes2252@nimogy.biz,Domenic Reyes
Aleksandra_Blythe479@twace.org,Aleksandra Blythe
Parker_Abbey9408@twace.org,Parker Abbey
Ron_Hunter5883@twace.org,Ron Hunter
Benny_Clayton6815@famism.biz,Benny Clayton
Kieth_Emmett5148@bungar.biz,Kieth Emmett
Colleen_Mason5564@qater.org,Colleen Mason
Cecilia_Johnson1130@acrit.org,Cecilia Johnson
Daron_Waterhouse1394@twipet.com,Daron Waterhouse
Jasmine_Rose2326@gembat.biz,Jasmine Rose
Ramon_Tait7133@bulaffy.com,Ramon Tait
Michelle_Pitt1767@eirey.tech,Michelle Pitt
William_Fenton1206@jiman.org,William Fenton
Charlotte_Harris928@jiman.org,Charlotte Harris
Caleb_Evans2303@sveldo.biz,Caleb Evans
Boris_Kennedy4012@tonsy.org,Boris Kennedy
Cecilia_Vernon3047@guentu.biz,Cecilia Vernon
Gil_John6507@fuliss.net,Gil John
Noah_Horton8608@extex.org,Noah Horton
Danny_Vernon8692@supunk.biz,Danny Vernon
Nathan_Healy9562@famism.biz,Nathan Healy
Jasmine_Vernon5946@yahoo.com,Jasmine Vernon
Matthew_May9866@tonsy.org,Matthew May
Anais_Smith2358@joiniaa.com,Anais Smith
Benjamin_Cox831@bungar.biz,Benjamin Cox
Benny_Collingwood2409@atink.com,Benny Collingwood
Matt_Needham185@elnee.tech,Matt Needham
Bryon_Stone2621@gmail.com,Bryon Stone
Florence_Faulkner6294@bulaffy.com,Florence Faulkner
David_Clark6630@brety.org,David Clark
Phoebe_Griffiths4607@grannar.com,Phoebe Griffiths
Zoe_Weldon287@naiker.biz,Zoe Weldon
Caitlyn_Gaynor4407@hourpy.biz,Caitlyn Gaynor
Hayden_Slater5586@womeona.net,Hayden Slater
Benny_London8655@bungar.biz,Benny London
Madison_Garcia1797@ubusive.com,Madison Garcia
Christy_Lloyd5066@cispeto.com,Christy Lloyd
Luna_Hammond4637@twipet.com,Luna Hammond
Benjamin_Parker4802@joiniaa.com,Benjamin Parker
Hannah_Murphy7905@typill.biz,Hannah Murphy
Mara_Tate1347@typill.biz,Mara Tate
Sylvia_Hunter5222@deons.tech,Sylvia Hunter
Joyce_Kent7016@iatim.tech,Joyce Kent
Logan_Horton9261@dionrab.com,Logan Horton
Jack_Jackson2696@guentu.biz,Jack Jackson
Judith_James4476@twace.org,Judith James
Daron_Wilson3641@mafthy.com,Daron Wilson
Javier_Sawyer6974@kideod.biz,Javier Sawyer
Carter_Umney3807@guentu.biz,Carter Umney
Rita_Hastings8570@famism.biz,Rita Hastings
Lindsay_Nelson7268@jiman.org,Lindsay Nelson
Kieth_Murphy2472@cispeto.com,Kieth Murphy
Alex_Ralph3996@corti.com,Alex Ralph
Chadwick_Truscott1135@sheye.org,Chadwick Truscott
Owen_Vinton4822@nickia.com,Owen Vinton
Jacqueline_Dobson3753@grannar.com,Jacqueline Dobson
Harvey_Harrison3985@guentu.biz,Harvey Harrison
Drew_Johnson948@twipet.com,Drew Johnson
Colleen_Rixon1838@gembat.biz,Colleen Rixon
Emerald_Robertson8857@typill.biz,Emerald Robertson
Louise_Jefferson773@qater.org,Louise Jefferson
Ilona_Rust637@muall.tech,Ilona Rust
Tyler_Stone6990@ubusive.com,Tyler Stone
Sage_Matthews5121@hourpy.biz,Sage Matthews
Rylee_Hewitt8269@bungar.biz,Rylee Hewitt
Greta_Anderson2685@deons.tech,Greta Anderson
Sabrina_Cox5694@gompie.com,Sabrina Cox
Irene_Gosling5549@twipet.com,Irene Gosling
Abdul_Armstrong4419@cispeto.com,Abdul Armstrong
Megan_Nielson8566@naiker.biz,Megan Nielson
Julia_Collins610@cispeto.com,Julia Collins
Jackeline_Spencer1477@muall.tech,Jackeline Spencer
Benny_Gunn9784@typill.biz,Benny Gunn
Rosalee_Pitt1255@deons.tech,Rosalee Pitt
Vera_Moss2185@typill.biz,Vera Moss
Ronald_Gardner3085@twace.org,Ronald Gardner
Nancy_Plant4709@iatim.tech,Nancy Plant
Rosalie_Mitchell576@bauros.biz,Rosalie Mitchell
Harvey_Ripley9041@muall.tech,Harvey Ripley
Liv_Khan6398@naiker.biz,Liv Khan
William_Ulyatt7642@twipet.com,William Ulyatt
Mike_Rehman2564@extex.org,Mike Rehman
John_Evans175@nimogy.biz,John Evans
Bryon_Squire3445@ovock.tech,Bryon Squire
Angela_Jordan3707@bauros.biz,Angela Jordan
William_Holt5691@acrit.org,William Holt
Denis_Jobson5272@ubusive.com,Denis Jobson
Roger_Partridge1887@nimogy.biz,Roger Partridge
Brad_Kennedy747@ovock.tech,Brad Kennedy
Andie_Hopkinson2087@infotech44.tech,Andie Hopkinson
Winnie_Harper6884@deons.tech,Winnie Harper
Josh_Gordon163@mafthy.com,Josh Gordon
Chris_Watson9068@kideod.biz,Chris Watson
Mark_Reynolds6915@sheye.org,Mark Reynolds
Maria_Uttley6524@guentu.biz,Maria Uttley
Jessica_Nicolas4249@nickia.com,Jessica Nicolas
Logan_Lewis6075@liret.org,Logan Lewis
Agnes_Nanton4435@womeona.net,Agnes Nanton
Naomi_Weatcroft6065@naiker.biz,Naomi Weatcroft
Gina_Wilcox6168@infotech44.tech,Gina Wilcox
Mike_Gunn4366@gmail.com,Mike Gunn
Rick_Varndell7980@muall.tech,Rick Varndell
Erick_Duvall3424@bulaffy.com,Erick Duvall
Lara_Higgs6750@muall.tech,Lara Higgs
Kieth_Salt1703@brety.org,Kieth Salt
Tyson_Giles8636@bretoux.com,Tyson Giles
Tyson_Dillon4453@guentu.biz,Tyson Dillon
Alex_Newman2447@extex.org,Alex Newman
Holly_Palmer7904@infotech44.tech,Holly Palmer
Caleb_Gilmour6870@irrepsy.com,Caleb Gilmour
Juliette_Truscott9701@yahoo.com,Juliette Truscott
Ramon_Mason7045@acrit.org,Ramon Mason
Carissa_Holt4858@twipet.com,Carissa Holt
Karla_Kelly4528@famism.biz,Karla Kelly
Mya_Janes6868@kideod.biz,Mya Janes
Emely_Leslie1927@cispeto.com,Emely Leslie
Johnny_Clarke3925@sveldo.biz,Johnny Clarke
Quinn_Edwards4118@sveldo.biz,Quinn Edwards
Sonya_Wilkinson8877@nanoff.biz,Sonya Wilkinson
Michael_Harris5045@zorer.org,Michael Harris
Mabel_Davies6428@infotech44.tech,Mabel Davies
Percy_Ripley5221@bungar.biz,Percy Ripley
Doug_Antcliff2024@zorer.org,Doug Antcliff
Janice_Tutton3661@supunk.biz,Janice Tutton
Hayden_Mullins3489@atink.com,Hayden Mullins
Shelby_Partridge5156@gmail.com,Shelby Partridge
Camila_Nelson3295@iatim.tech,Camila Nelson
Caydence_Yard4144@muall.tech,Caydence Yard
Erick_Alcroft4745@hourpy.biz,Erick Alcroft
Susan_Dale163@nickia.com,Susan Dale
Adina_Matthews1182@yahoo.com,Adina Matthews
Julius_Swan4932@deavo.com,Julius Swan
Phillip_Downing1549@supunk.biz,Phillip Downing
Russel_Latham5768@twipet.com,Russel Latham
Marvin_Morris7148@vetan.org,Marvin Morris
Karen_Baldwin5258@gembat.biz,Karen Baldwin
Matt_Weatcroft8393@mafthy.com,Matt Weatcroft
Manuel_James3085@vetan.org,Manuel James
Sabina_Bristow6957@ovock.tech,Sabina Bristow
Ema_Potts899@yahoo.com,Ema Potts
Shelby_Swift7352@qater.org,Shelby Swift
Tony_Callan5150@extex.org,Tony Callan
Tom_Evans2737@twipet.com,Tom Evans
Elijah_Rogan5583@irrepsy.com,Elijah Rogan
Tyler_Riley9609@gmail.com,Tyler Riley
Audrey_Casey7641@irrepsy.com,Audrey Casey
Maddison_Wellington4862@bauros.biz,Maddison Wellington
Melanie_Notman9882@infotech44.tech,Melanie Notman
Brooklyn_Faulkner3270@cispeto.com,Brooklyn Faulkner
Maribel_Gibson4016@jiman.org,Maribel Gibson
Boris_Reynolds6278@sveldo.biz,Boris Reynolds
Marie_Donovan3649@supunk.biz,Marie Donovan
Aisha_Silva420@naiker.biz,Aisha Silva
Stacy_Nanton5312@iatim.tech,Stacy Nanton
Shannon_Campbell5874@nickia.com,Shannon Campbell
Macy_Hobbs4523@supunk.biz,Macy Hobbs
Henry_Bentley5004@grannar.com,Henry Bentley
Felicity_Chadwick3743@ubusive.com,Felicity Chadwick
Chloe_Devonport5954@typill.biz,Chloe Devonport
Abdul_Booth5370@corti.com,Abdul Booth
Mark_Addis7654@joiniaa.com,Mark Addis
Oliver_Wilde9582@sveldo.biz,Oliver Wilde
Keira_Stewart9651@womeona.net,Keira Stewart
Jade_Newman4930@ubusive.com,Jade Newman
Alessandra_Camden2065@extex.org,Alessandra Camden
Leah_Leigh7685@gembat.biz,Leah Leigh
Callie_Warren9573@deavo.com,Callie Warren
Elijah_Collins873@sveldo.biz,Elijah Collins
Natalie_Milner2610@deons.tech,Natalie Milner
Marigold_Richards713@bauros.biz,Marigold Richards
David_Keys2052@ubusive.com,David Keys
Nina_Adler7814@tonsy.org,Nina Adler
Henry_Clayton7543@guentu.biz,Henry Clayton
Carol_Salt2460@ovock.tech,Carol Salt
Jayden_Robinson3739@corti.com,Jayden Robinson
Rihanna_Weston1184@bulaffy.com,Rihanna Weston
Emerald_Zaoui263@nickia.com,Emerald Zaoui
Ronald_Walter6339@bretoux.com,Ronald Walter
Michael_Cavanagh9040@hourpy.biz,Michael Cavanagh
Parker_Ellis3795@tonsy.org,Parker Ellis
Tyler_Vass1170@zorer.org,Tyler Vass
Maya_Beal7245@ubusive.com,Maya Beal
Julian_Khan8768@typill.biz,Julian Khan
Tiffany_Kerr912@bauros.biz,Tiffany Kerr
Aleksandra_Miller9394@sheye.org,Aleksandra Miller
Ivette_Spencer5374@deavo.com,Ivette Spencer
Cedrick_Walsh9219@cispeto.com,Cedrick Walsh
Benjamin_Vince1513@joiniaa.com,Benjamin Vince
Sabrina_Morrison3031@deons.tech,Sabrina Morrison
Ronald_Clark945@bretoux.com,Ronald Clark
Makena_Ianson6251@bretoux.com,Makena Ianson
Bree_Norman3506@grannar.com,Bree Norman
Jane_Kaur194@iatim.tech,Jane Kaur
Victoria_Gardner3753@corti.com,Victoria Gardner
John_Oliver6801@atink.com,John Oliver
Payton_Kerr8416@bretoux.com,Payton Kerr
Alice_Saunders2181@grannar.com,Alice Saunders
Carol_Edley6162@deons.tech,Carol Edley
Jack_Nielson5951@mafthy.com,Jack Nielson
Trisha_Morgan6806@naiker.biz,Trisha Morgan
Lara_Varley6078@elnee.tech,Lara Varley
Johnathan_Andersson4678@kideod.biz,Johnathan Andersson
Janelle_Gilmore461@eirey.tech,Janelle Gilmore
Jayden_Jennson4735@ubusive.com,Jayden Jennson
Eve_Owen2910@famism.biz,Eve Owen
Anabel_Alldridge883@joiniaa.com,Anabel Alldridge
Alba_Nicholls579@twipet.com,Alba Nicholls
Manuel_Exton7857@muall.tech,Manuel Exton
Sofie_Butler1689@nimogy.biz,Sofie Butler
Miley_Morgan3508@liret.org,Miley Morgan
Lara_John3513@atink.com,Lara John
Nina_Richardson5663@infotech44.tech,Nina Richardson
Ryan_Bradshaw481@tonsy.org,Ryan Bradshaw
Rocco_Lewis7531@bretoux.com,Rocco Lewis
Mara_Shields8141@brety.org,Mara Shields
Tiffany_Whatson6050@vetan.org,Tiffany Whatson
Noemi_Rehman8596@infotech44.tech,Noemi Rehman
Andrea_Coll9115@deons.tech,Andrea Coll
Michael_Bentley8067@famism.biz,Michael Bentley
Cadence_Allen9798@acrit.org,Cadence Allen
Samara_Harrison313@deavo.com,Samara Harrison
Davina_Atkinson6167@muall.tech,Davina Atkinson
Jazmin_Haines9607@vetan.org,Jazmin Haines
Gladys_Mason824@bretoux.com,Gladys Mason
Ramon_Ranks6729@sheye.org,Ramon Ranks
Daniel_Reid7602@deavo.com,Daniel Reid
Ruby_Cavanagh2455@extex.org,Ruby Cavanagh
Elena_Baldwin1417@hourpy.biz,Elena Baldwin
Nicole_Booth2647@corti.com,Nicole Booth
Susan_Long2016@naiker.biz,Susan Long
Margot_Richardson6631@iatim.tech,Margot Richardson
Christine_Donnelly2527@bauros.biz,Christine Donnelly
Bryon_Simpson9011@hourpy.biz,Bryon Simpson
Adelaide_Thompson9707@fuliss.net,Adelaide Thompson
Gil_Brown2559@joiniaa.com,Gil Brown
Abdul_Carpenter1894@naiker.biz,Abdul Carpenter
Elise_Tate9772@cispeto.com,Elise Tate
Hazel_Hall6138@acrit.org,Hazel Hall
Danielle_Edwards3930@vetan.org,Danielle Edwards
Rosalie_Anderson4286@gmail.com,Rosalie Anderson
Sylvia_Ripley1872@muall.tech,Sylvia Ripley
Owen_Rigg2602@qater.org,Owen Rigg
John_Turner4660@vetan.org,John Turner
Lindsay_Santos3999@twace.org,Lindsay Santos
Rufus_Broomfield6131@hourpy.biz,Rufus Broomfield
Ryan_Cox6551@hourpy.biz,Ryan Cox
Chad_Rixon8218@corti.com,Chad Rixon
Ronald_Tennant3236@acrit.org,Ronald Tennant
Martin_Wooldridge7711@corti.com,Martin Wooldridge
Stacy_Chadwick7788@qater.org,Stacy Chadwick
Carissa_Preston3050@nickia.com,Carissa Preston
Kassandra_Rowe3653@atink.com,Kassandra Rowe
Willow_Fall4337@deons.tech,Willow Fall
Logan_Moreno9768@qater.org,Logan Moreno
Isla_Ross486@dionrab.com,Isla Ross
Keira_Webster1249@bulaffy.com,Keira Webster
Diane_Walsh8079@nanoff.biz,Diane Walsh
Amelia_Brown1426@nimogy.biz,Amelia Brown
Leah_Addis1773@sheye.org,Leah Addis
Chris_Owen6773@dionrab.com,Chris Owen
Mike_Quinton9255@deons.tech,Mike Quinton
Joy_Ballard2439@iatim.tech,Joy Ballard
Russel_Roscoe4580@bungar.biz,Russel Roscoe
Jaylene_Pratt2660@irrepsy.com,Jaylene Pratt
Maxwell_Fields2822@vetan.org,Maxwell Fields
Harvey_Lynn2701@mafthy.com,Harvey Lynn
Henry_Antcliff624@gompie.com,Henry Antcliff
Erica_Janes7125@tonsy.org,Erica Janes
Caitlyn_Johnson5204@irrepsy.com,Caitlyn Johnson
Luke_Andrews2475@sheye.org,Luke Andrews
Rylee_Tennant2145@nanoff.biz,Rylee Tennant
Luke_Moran3065@corti.com,Luke Moran
Margot_Rossi6508@famism.biz,Margot Rossi
Tyler_Lane8787@corti.com,Tyler Lane
Doug_Reid715@acrit.org,Doug Reid
Tyler_Thatcher8098@hourpy.biz,Tyler Thatcher
Francesca_Miller5089@kideod.biz,Francesca Miller
Felicity_Logan9012@kideod.biz,Felicity Logan
Angelina_Quinton2236@yahoo.com,Angelina Quinton
Alison_Knight4661@ubusive.com,Alison Knight
Dakota_Norburn7517@eirey.tech,Dakota Norburn
Bob_Redwood8620@bulaffy.com,Bob Redwood
Destiny_Lunt4708@twipet.com,Destiny Lunt
Carter_Coleman2081@muall.tech,Carter Coleman
Hayden_Forester4276@irrepsy.com,Hayden Forester
Emma_Gibson315@acrit.org,Emma Gibson
Carrie_Franks4856@sveldo.biz,Carrie Franks
Bree_Lynn2541@eirey.tech,Bree Lynn
Georgia_Jackson9880@supunk.biz,Georgia Jackson
Kurt_Bryant9283@twipet.com,Kurt Bryant

